QUOTE_DATE,UNDERLYING_LAST,EXPIRE_DATE,DTE,STRIKE,MARKET_PRICE,C_IV,C_BID,C_ASK,MONEYNESS
2020-12-31,132.6,2021-02-19,50.0,110.0,23.98,0.46977,23.86,24.1,0.8295625942684767
2020-12-31,132.6,2021-02-19,50.0,115.0,19.57,0.43692,19.44,19.7,0.8672699849170438
2020-12-31,132.6,2021-02-19,50.0,120.0,15.5,0.41269,15.4,15.6,0.9049773755656109
2020-12-31,132.6,2021-02-19,50.0,125.0,11.95,0.40009,11.9,12.0,0.9426847662141781
2020-12-31,132.6,2021-02-19,50.0,130.0,8.9,0.39025,8.9,8.9,0.9803921568627452
2020-12-31,132.6,2021-02-19,50.0,135.0,6.45,0.38522,6.4,6.5,1.0180995475113122
2020-12-31,132.6,2021-02-19,50.0,140.0,4.574999999999999,0.3845,4.55,4.6,1.0558069381598794
2020-12-31,132.6,2021-02-19,50.0,145.0,3.275,0.38966,3.25,3.3,1.0935143288084466
2020-12-31,132.6,2021-02-19,50.0,150.0,2.325,0.39623,2.32,2.33,1.1312217194570136
2020-12-31,132.6,2021-02-19,50.0,155.0,1.6749999999999998,0.40577,1.66,1.69,1.1689291101055808
